<?xml version="1.0" encoding="utf-8"?>
<Students xmlns:xsi="http://www.w3.org/2001/XMLSchema-instance" xmlns:xsd="http://www.w3.org/2001/XMLSchema">
  <Student>
	  <joingDate>abc</joingDate>
    <StudentName>abc</StudentName>
    <StudentFatherName>ghi</StudentFatherName>
    <StudentEmail>xyz@gmail.com</StudentEmail>
    <StudentClass>2</StudentClass>
    <StudentFee>5000</StudentFee>
    <StudentPhone>03125698745</StudentPhone>
  </Student>
  <Student>
	  <joingDate>abc</joingDate>
    <StudentName>lmn</StudentName>
    <StudentFatherName>efg</StudentFatherName>
    <StudentEmail>opq@gmail.com</StudentEmail>
    <StudentClass>5</StudentClass>
    <StudentFee>9000</StudentFee>
    <StudentPhone>0347896521</StudentPhone>
  </Student>
 
</Students>