﻿<?xml version="1.0" encoding="utf-8"?>
<Teachers xmlns:xsi="http://www.w3.org/2001/XMLSchema-instance" xmlns:xsd="http://www.w3.org/2001/XMLSchema">
	<Teacher>
		<TeacherId>1</TeacherId>
		<TeacherName>updated Lapton2</TeacherName>
		<TeacherFatherName>dbdf</TeacherFatherName>
		<TeacherEmail>1200</TeacherEmail>
		<TeacherClass>ULaptop TeacherClass2</TeacherClass>
		<TeacherSubject>asa</TeacherSubject>
		<TeacherSalary>4444</TeacherSalary>
	</Teacher>
	<Teacher>
		<TeacherId>2</TeacherId>
		<TeacherName>Mouse</TeacherName>
		<TeacherFatherName>dbdf</TeacherFatherName>
		<TeacherEmail>25</TeacherEmail>
		<TeacherClass>Mouse TeacherClass</TeacherClass>
		<TeacherSubject>asa</TeacherSubject>
		<TeacherSalary>4444</TeacherSalary>
	</Teacher>
	<Teacher>
		<TeacherId>3</TeacherId>
		<TeacherName>Keyboard</TeacherName>
		<TeacherFatherName>dbdf</TeacherFatherName>
		<TeacherEmail>50</TeacherEmail>
		<TeacherClass>Keyboard TeacherClass</TeacherClass>
		<TeacherSubject>asa</TeacherSubject>
		<TeacherSalary>4444</TeacherSalary>
	</Teacher>
	<Teacher>
		<TeacherId>20</TeacherId>
		<TeacherName>ggggg</TeacherName>
		<TeacherFatherName>dbdf</TeacherFatherName>
		<TeacherEmail>1200</TeacherEmail>
		<TeacherClass>gggg TeacherClass2</TeacherClass>
		<TeacherSubject>asa</TeacherSubject>
		<TeacherSalary>4444</TeacherSalary>
	</Teacher>
	<Teacher>
		<TeacherId>45</TeacherId>
		<TeacherName>Laptop</TeacherName>
		<TeacherFatherName>dbdf</TeacherFatherName>
		<TeacherEmail>1200</TeacherEmail>
		<TeacherClass>Laptop TeacherClass</TeacherClass>
		<TeacherSubject>asa</TeacherSubject>
		<TeacherSalary>4444</TeacherSalary>
	</Teacher>
	<Teacher>
		<TeacherId>1</TeacherId>
		<TeacherName>Laptop</TeacherName>
		<TeacherFatherName>dbdf</TeacherFatherName>
		<TeacherEmail>1200</TeacherEmail>
		<TeacherClass>Laptop TeacherClass</TeacherClass>
		<TeacherSubject>asa</TeacherSubject>
		<TeacherSalary>4444</TeacherSalary>
	</Teacher>
	<Teacher>
		<TeacherId>2</TeacherId>
		<TeacherName>Mouse</TeacherName>
		<TeacherFatherName>dbdf</TeacherFatherName>
		<TeacherEmail>25</TeacherEmail>
		<TeacherClass>Mouse TeacherClass</TeacherClass>
		<TeacherSubject>asa</TeacherSubject>
		<TeacherSalary>4444</TeacherSalary>
	</Teacher>
	<Teacher>
		<TeacherId>3</TeacherId>
		<TeacherName>Keyboard</TeacherName>
		<TeacherFatherName>dbdf</TeacherFatherName>
		<TeacherEmail>50</TeacherEmail>
		<TeacherClass>Keyboard TeacherClass</TeacherClass>
		<TeacherSubject>asa</TeacherSubject>
		<TeacherSalary>4444</TeacherSalary>
	</Teacher>
	<Teacher>
		<TeacherId>20</TeacherId>
		<TeacherName>Arham</TeacherName>
		<TeacherFatherName>dbdf</TeacherFatherName>
		<TeacherEmail>1200000</TeacherEmail>
		<TeacherClass>Arham TeacherClass</TeacherClass>
		<TeacherSubject>asa</TeacherSubject>
		<TeacherSalary>4444</TeacherSalary>
	</Teacher>
	<Teacher>
		<TeacherId>45</TeacherId>
		<TeacherName>Laptop</TeacherName>
		<TeacherFatherName>dbdf</TeacherFatherName>
		<TeacherEmail>1200</TeacherEmail>
		<TeacherClass>Laptop TeacherClass</TeacherClass>
		<TeacherSubject>asa</TeacherSubject>
		<TeacherSalary>4444</TeacherSalary>
	</Teacher>
	<Teacher>
		<TeacherId>1</TeacherId>
		<TeacherName>Laptop</TeacherName>
		<TeacherFatherName>dbdf</TeacherFatherName>
		<TeacherEmail>1200</TeacherEmail>
		<TeacherClass>Laptop TeacherClass</TeacherClass>
		<TeacherSubject>asa</TeacherSubject>
		<TeacherSalary>4444</TeacherSalary>
	</Teacher>
	<Teacher>
		<TeacherId>2</TeacherId>
		<TeacherName>Mouse</TeacherName>
		<TeacherFatherName>dbdf</TeacherFatherName>
		<TeacherEmail>25</TeacherEmail>
		<TeacherClass>Mouse TeacherClass</TeacherClass>
		<TeacherSubject>asa</TeacherSubject>
		<TeacherSalary>4444</TeacherSalary>
	</Teacher>
	<Teacher>
		<TeacherId>3</TeacherId>
		<TeacherName>Keyboard</TeacherName>
		<TeacherFatherName>dbdf</TeacherFatherName>
		<TeacherEmail>50</TeacherEmail>
		<TeacherClass>Keyboard TeacherClass</TeacherClass>
		<TeacherSubject>asa</TeacherSubject>
		<TeacherSalary>4444</TeacherSalary>
	</Teacher>
	<Teacher>
		<TeacherId>20</TeacherId>
		<TeacherName>Arham</TeacherName>
		<TeacherFatherName>dbdf</TeacherFatherName>
		<TeacherEmail>1200000</TeacherEmail>
		<TeacherClass>Arham TeacherClass</TeacherClass>
		<TeacherSubject>asa</TeacherSubject>
		<TeacherSalary>4444</TeacherSalary>
	</Teacher>
	<Teacher>
		<TeacherId>45</TeacherId>
		<TeacherName>Laptop</TeacherName>
		<TeacherFatherName>dbdf</TeacherFatherName>
		<TeacherEmail>1200</TeacherEmail>
		<TeacherClass>Laptop TeacherClass</TeacherClass>
		<TeacherSubject>asa</TeacherSubject>
		<TeacherSalary>4444</TeacherSalary>
	</Teacher>
	<Teacher>
		<TeacherId>20</TeacherId>
		<TeacherName>Arham</TeacherName>
		<TeacherFatherName>dbdf</TeacherFatherName>
		<TeacherEmail>1200000</TeacherEmail>
		<TeacherClass>Arham TeacherClass</TeacherClass>
		<TeacherSubject>asa</TeacherSubject>
		<TeacherSalary>4444</TeacherSalary>
	</Teacher>
	
</Teachers>