<?xml version="1.0" encoding="utf-8"?>
<Teachers xmlns:xsi="http://www.w3.org/2001/XMLSchema-instance" xmlns:xsd="http://www.w3.org/2001/XMLSchema">
  <Teacher>
    <TeacherName>updated Lapton2</TeacherName>
    <TeacherFatherName>dbdf</TeacherFatherName>
    <TeacherClass>ULaptop TeacherClass2</TeacherClass>
    <TeacherSubject>asa</TeacherSubject>
    <TeacherSalary>4444</TeacherSalary>
    <TeacherEmail>1200</TeacherEmail>
    <TeacherDateofJoining>jjnj</TeacherDateofJoining>
  </Teacher>
  <Teacher>
    <TeacherName>Hafsa</TeacherName>
    <TeacherFatherName>Asghar</TeacherFatherName>
    <TeacherClass>9</TeacherClass>
    <TeacherSubject>math's</TeacherSubject>
    <TeacherSalary>50000</TeacherSalary>
    <TeacherEmail>hafsa@gmail.com</TeacherEmail>
    <TeacherExperience>6</TeacherExperience>
    <TeacherPhone>0312548796</TeacherPhone>
	<TeacherDateofJoining>2/1/2026</TeacherDateofJoining>
  </Teacher>
</Teachers>